{"cameraMode":{"drawMode":0,"name":"Shaded","section":"Shading Mode"},"sceneLighting":false,"audioPlay":false,"sceneViewState":{"showFog":true,"showMaterialUpdate":false,"showSkybox":false,"showFlares":true,"showImageEffects":true,"showParticleSystems":true},"in2DMode":false,"pivot":{"x":136.5742950439453,"y":31.003660202026368,"z":-170.25149536132813},"rotation":{"x":-0.13545338809490205,"y":0.4358518123626709,"z":-0.06656629592180252,"w":-0.8873066306114197},"size":374.00213623046877,"orthographic":true}