{"cameraMode":{"drawMode":0,"name":"Shaded","section":"Shading Mode"},"sceneLighting":false,"audioPlay":false,"sceneViewState":{"showFog":true,"showMaterialUpdate":false,"showSkybox":false,"showFlares":true,"showImageEffects":true,"showParticleSystems":true},"in2DMode":false,"pivot":{"x":4.920000076293945,"y":1.0199999809265137,"z":-0.8700000047683716},"rotation":{"x":-0.18765218555927277,"y":0.42854809761047366,"z":-0.0914803296327591,"w":-0.8790727853775024},"size":22.0,"orthographic":false}